Actual Prices,Predicted Prices
1251688.6157028745,1260960.7056762758
873048.3196423554,827588.7556032212
1696977.6628325956,1742421.242543485
1063964.287873947,974625.3873988842
948788.2757094484,998717.8420198043
730043.6450595969,645754.0883666505
1166925.1461488248,1083215.9091545455
705444.1167909042,855334.9487235728
1499988.8795226102,1445671.4003059417
1288199.1527291734,1202846.0143899499
1441736.7608375724,1453523.0932086273
1279681.154396593,1300542.31333378
1754969.16194479,1733528.806065822
1511653.454803501,1341624.342964801
1441956.2019363926,1391232.4267379413
1119992.6188354518,1225767.5181171605
727866.5251679078,618354.4262641286
1138885.104005277,966203.1989141153
1074263.3172363583,1221416.17513753
1386473.3653813817,1200407.5840991228
404643.60224269313,511454.92563541885
1449829.493750261,1767174.7795936856
1775874.7601040124,1855388.6927825091
1202050.5842604076,1200300.831245788
1105737.4615438494,1064847.4628644604
1835564.6892077709,1811869.2228308152
1795428.7743897976,1769580.587580543
1424283.373183943,1440985.6122159036
1365945.0827829945,1388078.3409561533
1492011.495862129,1544901.8343433035
624432.9659944219,729009.3711268455
1827476.1960615185,1757813.9500310337
1575680.036970013,1464186.7064187638
1051519.065766143,1031583.3943268196
1454681.9367671097,1287508.4293182138
973197.775347568,912315.765673345
1166750.3128596384,1185050.602871379
883021.8963767654,998348.9632949354
1329800.0461904877,1328377.1612587245
743212.4194633622,781077.236246149
1412144.508444236,1393085.2533513312
723750.0652577134,577488.0226282971
728402.000075194,828358.635523886
1845325.3567773984,1899544.8355469806
1708127.5780654566,1675087.4712612638
922054.1319412548,971591.0406101998
1243879.8299386548,1131053.565958235
882057.1705928424,797619.6996644661
1050239.9038404576,1164820.0333192311
1521141.3453009825,1475837.5119132958
1534111.5806179212,1460010.2757048612
1221823.704469835,1161333.3846803564
1279803.950080495,1101593.8897729353
1203623.8408419904,1359801.599323723
776906.326934832,845721.0997524252
1143377.601699577,988618.5875334502
1148720.9050037193,1123816.1330754315
1129798.3727253522,1256061.7994022742
1388596.243304004,1428491.5711607994
727366.947448545,501890.34384806314
1500821.46909593,1465556.0216428386
1059406.1303480302,1111763.97668913
750119.7266122982,658035.5527297547
1246830.1884286287,1248130.6459659538
1445731.6259433646,1349720.8622848284
1352547.6933606025,1353984.6298791077
786430.8996307264,819510.3474629535
1400498.2675747594,1488066.642789804
1454699.2314104706,1399366.750504421
996924.6914267289,884890.7416265057
914325.029151274,858595.001143265
1324382.1755828236,1214521.1959152753
1211442.9407654293,1104148.6452048887
1740719.10656986,1832196.0197097016
837540.1697407691,924049.3521055277
831471.5304107015,855322.0377474101
894203.5715459331,826846.5278382306
1295014.6182810178,1399302.2698922497
773360.6979872095,778249.892834344
1735826.005205352,1643043.720472687
1089601.88163052,1083353.7078016577
1560838.450232807,1356241.5909906807
1359762.6936754046,1320548.117805344
1348873.4268637958,1206845.4442821494
555811.4067429452,756183.2283361345
745523.8383444332,653768.7366524562
896303.7991791363,1064215.751256349
1382172.2937066122,1389379.4219062212
1027311.507673405,1032945.5602137311
1183272.5108070918,1295784.4381624395
674817.5428265561,553100.5478847879
1587350.293656894,1706820.1473488668
861013.9460775609,844640.956363182
1456969.5768219477,1628500.6431586966
920498.9373832784,1051340.1985728377
987004.0836743772,947440.7604984166
1237224.8587518162,1188563.7417858113
1390870.0954755268,1559937.4652988194
814879.206289094,901206.5378490305
1086447.5106632377,995616.7737170579
1205212.2919847155,1222851.4909067103
1641226.5842989285,1592702.587904999
1101239.492185515,981526.0457795872
1443470.037082047,1428773.7312917784
865816.6759261268,1016513.2501528161
1603268.2110607368,1451523.5179975545
792449.5430652391,877897.8185951542
939040.0035601156,833137.365114348
897479.9501690639,1029993.8523751441
1898168.6840543696,1840635.6948641576
1877941.971423074,1928180.3641160186
1321388.619330872,1408835.1281071617
1218635.851406522,1040485.0145685598
1046818.06975883,1063086.2778666238
1462422.2560780605,1440078.0446849107
1020536.1908295144,1031307.2841776446
1356146.2608426227,1192306.968722186
1474546.7621461137,1410181.8953546458
1167918.058868265,1262435.5940822675
1794014.297854993,1562022.5108404197
689155.5684279174,764562.499149085
1190213.5129050135,1390803.3337799832
2120888.345209633,2083748.3998970622
1472809.4869159523,1469355.9923404967
1172188.1935091391,1324762.4942931933
1315828.8598351076,1314636.311774596
911656.1052977764,924129.2574031753
685775.5980289889,784111.2231642231
1856211.350359604,1677675.2714709528
1079000.316267436,1172966.1080894028
936864.687834366,867097.0383170024
714148.4147529015,831845.6639988003
1523915.1446841708,1555631.9258505907
842235.8033529122,814625.374242371
686644.610408734,632760.7393392846
1085534.178573738,1235657.9484650744
1064939.5225198085,1006734.9327657851
1072253.833655116,1132923.0236774068
1760880.447507333,1761684.400670234
1186019.796113567,1187684.9851627895
481391.6433219672,589759.633901333
1481940.7615078837,1393809.66081517
1574181.7317531754,1385366.3222227902
1816152.2669641247,1732613.1056893654
1110394.025220747,1171444.5532247182
1030729.5831522896,1016779.0343452715
1727982.9870259946,1728910.695027911
1309937.3987664254,1099285.1898419093
1554301.938081737,1647018.0766630378
1419536.2589499224,1427915.9292762084
1309829.9356107984,1372601.451682645
1012321.5738436627,960910.535358219
1705889.8866984083,1761628.7007400272
1028683.0448748892,1217533.2791833682
1110525.988673923,1226227.9266212564
839745.6833340527,956037.1586488844
1240754.932046382,1238663.3772617294
1341449.5715910238,1261534.3805049611
1366405.9719604012,1277196.0422939225
1014226.2985707616,1126430.8438513475
1512578.5529247157,1512089.5960760126
1699952.8144478828,1560751.4497455303
925394.135004886,806017.5714970045
1626368.6673131543,1548955.3884251588
1280910.189933004,1278939.401596236
1110931.8257023671,1054376.4282165132
1239459.8148165469,1256725.4089547712
1676172.304855517,1651378.535795074
937628.3466936616,1107235.2211314496
483986.10899252974,479391.2608208731
1473071.9543045457,1651520.788911974
1336377.8252537115,1316131.2589681572
1739761.372611396,1665507.3072942458
1599911.367564835,1669733.14756874
1673294.2461963831,1691449.9403369334
1808341.465666734,1811540.925507945
1669681.2313844662,1561130.5525575709
777144.2542493446,871653.1725792778
1229702.9483640655,1388133.815833291
1479295.570937294,1592997.9513843888
1213351.6322268366,1395691.9678252004
1188255.081499023,1131726.0582123254
1406437.6853738874,1458779.9538538246
962591.6565767032,891374.4719057172
934408.7142813632,931698.5140682105
1098518.1336854908,1124304.2558883792
1063069.916425088,1193323.7054402567
1064685.698733535,1091592.9455919904
1404540.75846632,1348963.8110688855
1102821.4381808082,1104536.623970111
1053891.644863874,1046456.3076229803
1817829.5296757591,1843058.825220732
1128045.1047880338,1275068.541610042
1182459.7716636744,1197160.8663235828
2050594.045506314,1990136.1205035206
1057697.7028297973,1176744.2652214249
533386.7712388085,667583.0367866191
1578141.0531342432,1516392.106909031
1239318.1308763127,1212260.118241413
1182670.135034575,1128719.0521837529
1598615.9744864176,1739330.7525998522
966084.4204303528,871169.4443345466
1025701.5949167036,974154.7236270458
1314770.4699493768,1332469.1004048968
1128895.1249507668,911575.2431428959
1473680.6037391997,1329757.9835206284
1440106.863891462,1271176.7798882467
983994.2668686192,969685.5450954777
1065907.0809130038,1237366.8578786054
2059301.3434198145,1994675.9940279946
1471746.5551187624,1499397.5831729523
1161457.8482887049,1144506.3868178087
1825858.2550705376,1889168.1669831388
1693693.5531272253,1541367.0944137005
1246791.0287114407,1257269.8752626488
1167621.046449695,1267247.9136560066
1405059.641674222,1336569.1831259187
294170.746352692,254359.76251067407
1181663.4835711485,1132978.9324988136
1085218.858707077,1250303.3325272608
1418045.7187906946,1365428.4446448684
1661592.7891103032,1732393.2679749448
980141.2191076672,1052121.0039621657
885920.553249364,1057655.7264412586
1445804.8316514797,1426851.899141761
812512.2412531745,931652.7282541995
856383.5013562267,873305.0591677213
1739893.5550495968,1645672.6163207209
1384787.457430071,1185589.2236219812
1353729.53334886,1342919.2268914548
889845.6011902957,819458.1790075931
1494241.2261904366,1567414.7470938899
1290043.366614489,1353045.0508653014
1813856.3141206936,1815382.682109559
1306207.1106829576,1260538.1936435243
1165877.6686129526,1229246.9928771057
661043.3565144942,652343.9033378614
1273631.2670727102,1332032.966207053
288708.9121479006,396980.0529113286
1317234.042879586,1289210.0710998373
1238396.412062526,1354459.9263405837
1605398.5719999787,1596178.0992488982
946182.0501766272,1021632.6614391129
1073857.0687590768,1159334.35109314
1619721.7162305776,1482395.2215845515
1594415.2262912183,1609847.342030583
1210184.01761757,1335312.930130422
1846350.0200436213,1783876.3471834501
1772390.553273201,1793447.9551187837
989643.0313890134,951394.7319497196
1087802.8877692306,1242179.7973554889
1085101.324005708,1136657.772654918
1417691.112792915,1508191.040798768
1397341.8559937114,1172886.509183044
1533492.7965596502,1576351.524306452
1522083.944153087,1615885.2330753244
266298.8811183604,327611.0402499335
492984.5946724443,422942.47684881184
729989.3499281745,811331.3037639805
1562887.224519957,1808897.0778969945
965136.3385167392,1159132.3872322603
1249173.6911755214,1289266.662333754
401148.5687913792,488988.84931372944
1351007.0408580992,1363457.3965751263
1723706.7585228554,1793468.6693887152
557228.7841971011,533388.889661869
1000713.586327404,900341.7399058202
1205706.714723642,1232709.3439905779
1288490.2684409255,1212377.7710671355
1094574.185214063,1146287.4295738237
1501497.532370449,1545046.236737892
1421216.5044408585,1399612.354941586
818057.8953027214,814215.9716071784
828127.0276465778,916345.9904577998
1729559.809131306,1723349.6340809995
982344.8120638996,1074743.5581750222
1122083.2511626473,1265962.4753821949
1620949.4369105955,1559388.3099555569
1176111.78829563,1149953.576224357
1194191.8785113744,1087207.4897088073
1518787.7610306498,1722615.5168485409
1385783.5170925185,1399186.7088326672
1122240.3639845713,1097796.3389323791
1671669.451734201,1641393.7783333957
1135676.1831042888,1062423.6144461106
1859883.6612404825,1729046.9429540457
1214482.378653457,1040684.5604979778
1506798.7549083135,1364486.7097207503
1518706.282893025,1349432.1908211191
1289042.121469333,1332996.0212229919
948366.9678974455,997310.0247927625
1363106.125282448,1343345.560712637
1232209.4762014195,1130258.8184318822
1524621.7282514698,1562977.1203690711
1492786.6274919594,1713375.5191573566
1976170.089433933,2038952.1285175383
806121.8394432169,832342.043125445
961354.287727855,1047501.5594659764
1202987.8293471355,1139931.2087621302
904785.1631560352,941123.8147177123
1217021.518740754,1374460.0603675204
854812.2579554294,818674.0236316263
1281741.1633804708,1249536.7818334377
1446597.122057405,1367520.3726326008
1460450.981476153,1500542.7411038135
2275455.305532437,2225500.048345467
585608.6326222321,778523.7483077901
1178272.2974772786,1192626.6213603034
1002974.2146829072,1099310.2112856926
1367641.27038369,1273539.9352333848
1580691.6168731612,1625347.5274027428
867044.9596419198,921746.5992526915
1158171.72512284,1009357.4562649061
1551094.8149781222,1593603.8560058186
856261.615200036,849261.111800639
931357.9954219256,847204.501159695
485533.68035768607,574058.0914088851
1869886.305262404,1801513.4152918672
1381117.7013514298,1486434.3691169112
1726719.066744131,1680233.4095781744
1244631.5193582582,1234059.852040743
1270047.528129398,1356748.8558583031
1250882.2917570665,1102708.679469942
1228978.2329648542,1196618.6359420395
1052567.6986714758,1125310.2929339255
963655.5773858128,1077745.429764188
1104701.234420732,1044616.0023034993
2056692.7682508717,2011897.5452720216
805433.7396581171,753806.7432113597
984349.6141548756,1129598.8191586817
1537310.6164231747,1354844.789582041
1481946.194076499,1582284.214974814
1107077.912966575,1133547.9357767496
1049823.9959112804,1129580.6253251554
1656080.0890892637,1555944.066829605
1510659.228170966,1470195.3511157976
1168993.7588005515,1172321.840694867
1014548.2326294322,1060818.0563505688
1914072.947788136,1732601.396083841
1082825.6379373989,1100994.3157352097
1919693.23049382,1878780.4066821132
1012768.7562290148,954239.426566314
152071.87474956046,228398.41180705512
1394518.4154676315,1471473.5718790619
1422195.8794505682,1350570.6735824626
1876746.4866277915,1967674.687827048
503065.50562420936,474340.0534716351
942838.1647218134,1079396.093127266
1454834.9824772594,1402448.6576792803
1037147.4674024236,1035732.6272043474
862865.8153196024,793214.9013428614
1538039.5989438992,1447270.1911845375
1202227.9566643513,1104296.3433333766
1748864.714526891,1696459.889921124
1211110.0840824863,1107637.6551145269
1080735.9840692123,1076464.4698985955
1591383.7352199997,1708920.0685568042
1020145.9725180224,1136026.7347474997
905435.84288734,874928.9094407009
847387.2057853508,873228.3308574609
583016.7918965971,569617.574840406
1574919.9063463008,1542461.6111708009
1282258.0932930836,1215110.7446613507
1809154.2893631735,1753963.0337368632
744291.0273210739,781398.1453377609
1143215.0294731287,1004306.2413582797
1558196.968571363,1694821.1334291808
566645.8578321565,615296.6756216818
1324470.4414750012,1237984.1697806306
1555490.6208630777,1594814.5727328546
1347279.207217475,1332664.975870043
1115549.268055736,1113230.2186145955
1153516.9190034647,1281878.2512799138
954114.5439535476,897958.0064089415
799124.8491575408,814918.4628226641
1638541.9393635048,1550409.6690226244
1177744.973092636,1362114.6671386026
1249092.9279203585,1256038.2327329218
1323952.027425176,1232815.3051872328
1455737.134904127,1501090.018307915
1121093.1745067632,925497.3640976017
1266747.8295374303,1332812.7094746078
1071109.9165850952,1089574.2701021614
1116351.7534385773,964058.5132655036
1245785.0509590923,1065697.9901761757
885204.9786583288,942515.8027715273
934111.6355005292,969760.3939920752
1155801.2529854416,1048238.8106578346
1689690.754265426,1649274.857658648
1078577.267042615,1166441.2001261935
1045704.700328456,1314740.1951640826
1560693.0982718563,1623825.6791774938
1192677.550021043,1125251.0308991089
1474417.2717291806,1297842.3071827656
1464710.2063623553,1358195.0405639154
883147.4710432091,1048827.865663635
1032043.2117639716,1048067.7841076488
1451658.8772407244,1445465.618907182
1068492.6129947894,1313844.8368899226
1004430.3243619604,1058491.2541627605
1986811.1701954128,1955018.384781152
1617114.9439703785,1517211.7335928865
1159953.5929204985,1202692.4869297696
1865071.409637264,1980594.8211653326
547918.3263781852,683518.6496052477
1872191.5481572845,1722547.2178455126
1382998.251065435,1460665.2113337545
1499243.167565391,1411228.1418329622
1056976.974840432,1073798.4780381965
1009854.70493643,1053578.8821577686
1449409.4356042852,1208926.692620976
1073355.783703826,999590.3129920322
1151341.850204358,1089743.4705691352
716344.6279481957,802042.2030989854
894251.0686357756,971869.580827482
849008.7046985144,802134.3005043007
798639.6541779223,873618.5699218367
1450122.715015601,1381055.4672393822
1111710.900422078,1123835.500327468
1409439.0758724706,1300122.2594220159
1521730.791403271,1435753.4324713834
1198725.4871449017,1356788.6858409145
1430796.7625697944,1553717.902578284
1924155.5815279875,1869717.9873967897
840272.8648923194,948588.9017402772
587007.8442399998,717073.6262487774
1660295.795958334,1589050.400982013
1603944.379937469,1456997.9493580037
664465.3309873971,663504.1340282233
1792753.4995637876,1748247.8599241711
1360908.3196200058,1314481.4011259777
1774715.4835760146,1799555.0715953242
768541.9161245954,836783.4986406327
1206393.1814995254,1305257.3087139344
1656401.8371527654,1586045.6360717118
1222760.8580467268,1319357.8755802615
1550036.518714004,1666643.0948770642
922514.0879743272,934618.2735087648
1638969.269045829,1697120.4909061845
1063344.634927028,1166878.8140639286
1591934.1903279135,1560168.0924248984
1228362.746896066,1207775.4823858538
2115010.703597609,2186650.0330089526
764756.0934618785,1052056.838897293
1061552.021890478,1087810.4884092435
839194.0689419047,690344.1162722772
1290755.036070184,1229244.745845348
1200653.345481142,1239472.6905621216
990894.0536887128,1235381.2916187383
885709.7642844076,931274.5603134576
1467271.5557894418,1505336.9497020254
1218011.060787834,1276045.8699593814
1051567.9457782458,952853.6380723743
1059033.5578701235,1225941.638825864
1220276.5513435022,1192088.9294044198
1149524.698591107,1126486.5549623738
1628490.7929731046,1432278.8133621537
685355.4168064342,654079.6493813116
982790.8710036384,896707.1164428284
231189.8209898588,297797.46383390995
1166333.8865033598,1319490.141440319
737202.457611395,806726.0942122731
1474466.879984229,1234306.9057248067
1126137.681408579,1104670.2405437157
997827.2537752064,914356.2210162678
1047452.5080813532,1126952.7447304213
1582261.7011689504,1748010.8813100886
449331.5835333807,557709.274688086
886321.0235719315,889305.0784795033
1210026.0312604236,1320016.5773980217
1204117.4186541142,1105938.7467311001
1321257.2505720856,1272155.4612239497
652752.9727099423,774536.5280304891
1381482.6850124071,1272199.490695564
1522143.6413856596,1414579.480074698
1562573.061081018,1439745.2037551873
1204939.9039192782,1245642.7476122277
1047012.2705665716,975472.995682688
999970.67942849,963065.6860377295
1340909.7986568718,1407379.4594516656
1347083.0697067634,1230425.8989836536
1473278.4414731169,1412606.1626840713
943309.4486039542,1038525.5214336854
461473.56652671896,410104.49459463917
1907859.0589315053,1829180.8814094253
863297.1766934411,1001288.6890331274
1592768.2418269338,1603696.1552743046
2054897.0092689176,1897788.3664067788
729688.5926317396,843631.878805933
997448.7280769936,944755.1016584309
1930143.831202199,2022446.2370961504
1009972.0834733574,899235.1336912219
990725.6517571053,1106482.3338713432
1869113.6110749368,1852596.480414141
1448995.1146448432,1379212.8198487363
1273120.2588270574,1348853.0853743665
658646.1847265189,842938.5756416568
1749820.0141306592,1870130.939201557
1053484.8692001966,1048403.0322405514
809121.1058431822,839932.2307408764
1161742.677446362,1244600.8433986106
840682.6088766105,945533.9947934686
1063182.696182345,1004796.3625187725
1208761.0558371514,1294077.4223437286
1046030.1142282496,1171242.019588375
1548598.7545692646,1518840.8042844115
1103352.6009398182,1102298.0944344327
1220591.006042053,1288081.394997737
641484.2385493759,674329.5686605405
437146.0203506594,673506.0220775772
693931.501505761,845005.0842391951
1434144.2608724642,1485061.5327557935
1975538.4157534216,1760939.6445210725
530613.7955692228,620645.004252952
1452153.8490584374,1267590.983633312
778546.1621435221,898495.7448917087
1140209.0775234113,1159514.9346813485
673571.3460100302,751598.4465806023
1302748.857596481,1155839.3656410016
1263743.970748335,1259459.834168247
742449.3106376197,776256.4815290039
1387701.1110529576,1325826.0384201584
1002192.5820706816,930798.7846969152
999146.8693743936,1068594.956939442
1151189.6422095394,1108294.801546529
1636559.240604262,1537178.8767599594
905328.7691457036,809193.675306017
1299430.1759553957,1374389.632919854
1618721.1384298413,1582454.7568112286
1046721.9761732472,1217644.0478112055
1910484.642346804,1845537.649261048
1580727.450288832,1724386.5701535083
1205138.1806132866,1075870.139735241
1348804.229340074,1265096.113103392
1789098.5206914945,1800832.3668589303
1339142.80508292,1292697.4372271602
1392537.290354905,1369289.906090436
957806.002679502,981042.0645581735
1402146.87334661,1329702.8966708765
1092649.7088299526,1055488.5752561572
982298.0365595416,1008094.3162328098
1481146.950498894,1402983.7167642247
1641749.651205491,1572947.3636198184
1305070.0130524288,1228604.013029648
1204400.6157420955,1285582.5505533544
1358526.7412621249,1297137.898284384
1300133.9667015576,1415211.3267176235
1084013.7849062877,1112470.5114426916
1591022.9035030273,1648422.1306261988
1348883.321478542,1353464.8786967401
894292.0474101036,804897.991348262
1133084.3238238392,1100685.4190165484
1251757.1930129784,1095280.0816389453
1530848.0941090384,1409287.5475594788
1367619.9234428834,1459834.0867272438
1582140.0596046257,1481684.50738067
1504441.0101502882,1426890.9810366202
1102259.5385569,1234793.40405373
1883481.075479004,1871878.6851443993
1155513.1752000046,1264339.8445376502
1567859.0727812082,1601771.6871574866
1345004.119756513,1355232.5578567958
1283996.96848927,1322899.680539141
1185310.2673441938,1236893.1979140784
1289190.7626395207,1271177.2654549945
1221827.821998858,1132211.4839376262
1575966.5525391516,1705026.1960723158
1252663.6213763226,1409744.7043379666
2330289.700683439,2270524.372585727
1270999.9393805678,1213722.5539789433
879062.5907073612,901710.3752367827
1291759.392660681,1254172.296064009
1573580.2338345246,1541178.113304203
412269.2033995612,661094.6256021829
1335848.3322776183,1386644.6616562405
852268.6716506324,876712.0364723108
1120894.8041941738,1110048.5568166096
1549303.4985165622,1352489.9045197591
1658381.0058753565,1695933.125325067
1440897.4124288629,1420012.9421533877
1890056.385193676,1827207.466061295
1373512.3017761726,1123012.6707347315
1210366.528822683,1360294.4576602108
1364029.16836528,1227395.826747682
1190867.437364912,1250938.8364550732
1696086.168104268,1768011.4303470673
886815.9435970848,953026.6550807874
1471799.6763039234,1477331.6587298848
1259733.6438110752,1261810.3222979102
353240.05467269185,429195.2709735385
607858.9911712976,710962.2288485463
1692335.9636187928,1695014.5145330299
1205962.994953347,1162587.6531431843
1411024.0439091795,1323310.148999319
2005037.3066792216,2079048.043653803
1537897.1181187208,1575176.4242792828
1791307.2410970302,1819842.9169944515
957283.65635498,1032915.0422485257
893435.1192151045,990177.2632114743
1331656.4939736011,1349470.9791938746
1463383.4866829738,1403764.5899147056
1131154.5183654232,1380246.7336754869
1502447.916728789,1725339.926288573
1547737.0017004237,1377912.0158914458
1539084.9218209032,1578026.2385200877
1426682.1346372126,1618586.6025733557
656971.5307242259,624272.9354014779
603714.7885821962,686707.1149617573
1155681.8670825171,1253413.9488982167
1765281.0932294582,1495518.9542669305
1538401.8172936328,1252256.8107999759
1637831.3278346297,1534693.202495235
1159207.0846165894,1040534.2630376373
88591.77016003926,159304.64447724866
613788.3219895302,673189.0161265656
1585873.833196516,1360848.6332887327
1129408.8701258716,1114316.6950312168
624244.9443876417,827223.1202754043
1117741.7573242227,1207746.5680720126
1062206.3209441437,1159891.1531233368
1891949.3478333612,1794648.9447339587
939139.0293389644,1038824.6374947829
1078779.497098722,1059201.4390169643
1023205.0409895576,1084362.9323307471
1428247.074184676,1432805.0059010526
1311067.4456660468,1456511.8544152458
1253359.9540054663,1333242.1135634854
1538903.9925451411,1687464.5186621156
1031737.3848127612,1070823.9590629144
1009831.1347769842,811578.7499875487
856022.8624638612,624832.4702413217
919963.008583288,918953.3969545192
1393100.4226061562,1354056.0155596416
1130293.596703484,1183370.612327851
1547133.3964004477,1542610.2724917103
1362436.153753944,1209962.286567586
675919.6815570832,838810.008684095
1572099.689856232,1659116.5894566197
1326680.2444425127,1396289.65637411
1479758.3175267638,1593391.3316647382
1126085.1389748787,1265706.3055113135
1540997.8864851487,1512610.0838659955
1015010.5384041036,893162.3303740821
859078.6477175562,1022913.9893898088
2185480.090688329,2052568.7467324948
1306349.9922858966,1321444.1935665077
1115013.1474517635,1339036.3746662163
846095.9673147105,914531.4833610845
911071.833553066,1080319.7197820088
1173695.2918510274,1121935.4666757616
1092701.392243675,1228951.8958372246
1106976.067467471,1036167.0013402696
1196996.6810854594,1237799.0583323166
1050838.7041572668,1055307.5173645746
1397943.5134157222,1521556.9201060352
1359978.159938887,1328388.2563592107
1251566.478453565,1172133.3215003721
705100.5115554469,662182.5585599439
1046347.12078429,995622.2475225003
625990.3004351463,661968.3790940824
1495518.62392568,1212683.83749637
1174289.0805683718,1291456.0693804054
976540.0985009592,1052517.4542678306
913397.0868819004,1001829.4617703492
1557626.7809485218,1484077.0648214086
1253648.3243637006,1135819.0923448345
1426695.6863993006,1345154.029568872
1067871.6867719097,1245794.2475183094
1939603.1309040168,1875414.5979203675
1205878.7696221636,1380844.9511472033
895737.1333835076,905475.7923084926
1629573.8859278488,1493354.357544464
314167.83427680004,291588.4400730822
1080170.906857998,1147516.6241723928
1574582.0909259126,1368919.0249424507
1243918.8107245015,1290595.997484676
1270869.783171925,1295963.9610786824
1678347.5275379843,1825742.1923544463
1543913.4325132673,1491327.028864998
1394970.5985855695,1388593.1116492446
1417403.3118605698,1323379.5971235838
1365081.1775398466,1275708.5284226341
790555.5204463231,847355.9583626916
1385978.9841198327,1310497.1683672955
1316180.4935914932,1445135.0298825596
2024121.4614732373,1884633.4137552213
1309768.1961093454,1292484.1795724612
804453.869783905,795116.6392655196
1130677.4658439818,1196512.1809056494
1124042.9480980486,1127810.8950428278
1447325.6396977373,1512037.788876207
1892623.5459042157,1915817.4585506693
759044.6879907805,837037.4501100788
369433.3549647921,600427.2448375891
1564125.2379417687,1585221.2871225392
979568.628541252,1035938.7313877176
1514555.0821308396,1453887.721376143
960083.9968510192,928476.5569768543
1029354.4948558316,1099410.9610305168
1175289.1605114085,1245125.5136500113
1426832.048925821,1461889.1163998065
1528987.3248816102,1555025.8954055142
978035.3447748432,966600.9095583563
1534479.906564421,1359288.1821527844
1502055.8173744078,1672385.0639610747
1131887.7617860057,1155470.9835645696
1246218.3100606224,1285098.5231051603
738030.6498645385,796013.76618454
1411266.4112796998,1407933.6840072735
1413729.7574052191,1268355.3371910355
395440.2021544269,450419.9653351498
1114667.2494865104,1194538.6908428045
806255.875632613,861071.6757966029
1048647.1655575398,1029261.8823877806
998855.579912743,917037.0880598179
1788515.8176129346,1813265.2155124843
1234629.59549004,1262087.8135170513
1318597.714778656,1239009.048244053
1421715.4153436075,1390743.7754541086
864067.0615371757,805941.6022282625
1411054.3169406827,1184490.2320144023
931733.3638805776,896854.7792691654
717682.0857031762,672654.1897226698
691854.9210270025,494468.6039697812
1420469.7265189183,1440872.9927049591
886124.7256403731,922210.1079129642
1779874.753762815,1555640.4673462622
1194515.3380966587,1315159.750213014
1535946.643113821,1414423.852950456
917610.888395342,1114310.0669071819
1112294.776465661,1226211.280185922
1841904.2432740403,1558219.2453877777
674657.9106630747,762607.0930822454
1144477.8789563088,1211199.6595714865
1373528.5581959272,1307298.2768605426
1156979.9154217213,1160167.0041213697
1426434.644374741,1481222.1464479067
1558639.8810308038,1574536.262839809
1016301.4433502624,889921.0532897222
1268570.8085187648,1359396.6642306838
1062095.467626749,1125940.9500731197
1714445.1746365826,1612684.4478724468
985283.8815578348,1053826.6428386485
1525205.6460323844,1555500.551285089
1113314.6988738158,1093283.923578248
877779.3441184588,923191.3791516144
1265927.359738196,1442610.0636982122
766078.3707692815,886333.9326036954
414571.2229366215,466405.68350963574
1599996.9614292642,1663077.6698600017
1130221.2976257126,1275606.1352661578
1069292.3268591478,1186586.6267557302
1597152.9012685108,1646285.8056930136
1454943.0736612405,1421135.799686743
1376637.5056241709,1485270.623527158
945831.1862992597,1032821.4986659251
1373589.8035017387,1303306.2780005387
1123991.977280772,1148200.407377738
977135.885657804,980526.2341994243
1314348.6992100195,1255879.8194584576
1127260.1257513668,1131330.1682088478
946479.234861472,887599.7387515912
1752594.8209582944,1511035.2333921185
970177.1054222828,876455.8595292289
732244.1580695552,784194.0376265282
1170573.7698636418,1038864.80912452
1317167.713293261,1312974.3134563863
1501917.3180956463,1589073.7507073227
850977.0123103865,990944.7474892791
1505628.4534982918,1365853.9473023661
1196064.3299441882,1101342.1490846025
1424389.4833293157,1366455.866536642
715460.4683462611,940594.5827284381
581134.9649442481,326286.2173433653
839453.2926376425,885080.1659352481
1446983.542276461,1277188.14690219
1123753.7342014324,1197000.152769857
1191625.4399627368,1051792.5517861787
483458.5482582932,641602.4259699597
1403219.370573444,1452469.2735582069
1328586.2904618224,1387672.6594002265
1417275.667232232,1301720.958419118
1506651.1565735163,1541146.9481609687
1356384.6675167023,1492278.5409774925
2271112.743827721,2345459.5934781507
1881075.4379420877,1872433.2270603701
1531216.8939163382,1441717.5487214997
874103.6606065923,764926.9759993539
720059.8348080008,803891.1311129159
1845630.0708228927,1913093.3157025594
868435.2750090398,791350.0517985378
1689512.1795895589,1568563.4720660746
1597330.4114850054,1493455.1807616884
1108204.5868627557,1139787.725888397
1353182.4938991645,1259781.6394289983
886536.4283747243,715026.6081457324
1298108.0001318774,1246725.610801186
1051173.464898884,1170309.3095407868
1822448.616550664,1722436.2892650124
1225796.4144416682,1144347.5229170322
1417158.537395579,1494579.8863247586
1593836.7851927518,1480125.8530243235
1332042.9116713523,1383607.5479501789
2092949.8613406112,2119340.252855844
1409824.6381964688,1437402.1912778853
1185743.8241796806,1359547.5148760444
1043483.9151320348,947912.7099421332
1442372.0436041143,1534043.6899968283
882170.3184490805,892529.7057061344
1290784.4908596615,1328857.9741808004
852590.3528209794,743712.0633910703
1153680.146027995,1227412.500064394
890112.5493178923,990162.9020378459
1270928.0343699888,1234828.6967930114
1578737.4363400638,1420727.8611954488
1437153.9585319315,1541126.9012647383
539483.3966111792,498428.95244024834
1428693.929893514,1441992.032667493
1827500.8917075216,1810192.751814275
1399466.897763413,1287808.6939290757
1060123.7295704826,1068519.5818136903
1142264.2476784117,1230731.977985139
1587357.9464305846,1512300.7551483852
1064703.3052359354,1241095.2253478323
1200539.361167783,1079723.920070297
1084063.6419882777,1101225.1701868875
1441526.8367587973,1342087.2367156153
1754866.3954783296,1724812.8087917995
1049661.038846639,1186053.1602923372
1279117.9650857162,1397280.1562464433
841276.5860989693,849661.5963737736
1248741.8646745014,1122984.5864617075
1579360.8248111247,1452786.6583083123
2197436.8754965314,2093034.5652028415
1386351.1453039348,1428124.4970863564
1072503.237943672,1099754.9216747358
1576286.214214989,1546803.0033027204
527749.4038647808,596070.6610081815
1586889.994631176,1624959.4252697378
1560270.4852099754,1464652.050007163
1204103.0865989951,1247577.0179321403
1246509.1402311178,1217778.1708669555
810751.7250413778,888012.582038708
994257.5352248872,1018669.1159005477
1643086.2778970115,1529075.5178382918
1432318.469639134,1232910.072732687
1713161.6991637428,1652011.3499652017
1471784.0051760625,1517310.812437545
1296636.271092107,1400692.6089258967
1439431.4528896934,1557427.1198603287
1427108.5011545552,1472967.3041526652
1366727.6626961108,1271881.5982287633
766710.1734753456,601785.4536821945
637951.9055551022,773323.6874689534
1333014.9075833731,1628007.2030968368
1102516.5838414284,1181424.3528164364
1354417.5627576166,1384941.0144785554
1903813.7926587544,1999437.5308623873
569876.7748806281,522478.46565355733
853084.1522068826,937576.9948214535
1814550.9014238769,1731065.0077351471
941950.5794564656,791364.5079877777
1361521.9829376258,1269699.4225048525
1455691.796506957,1340468.8274625675
1364306.7686809986,1314078.7974431068
745996.3305840503,788728.4668548028
1714266.2737553422,1697771.9672680302
1016526.5937435456,1029373.9739040411
1194357.4059239507,1384275.7502986845
1851575.8675786168,1878078.203011889
1223432.8397755532,1134835.1321584135
888866.3945395602,1159183.9167428268
874497.2654803138,821841.04712342
1369976.5013014628,1393622.018127737
1716323.348128052,1828246.1361649875
1459834.789435762,1499958.8906945293
1734373.0438199642,1769913.8880519215
2096954.0406756613,2141782.967009387
1236258.07968267,1313695.1441700538
1339254.7267992808,1300133.713939025
1134125.645697823,954581.0891761743
1074369.7767178162,1172220.3251907541
1814855.154882529,1764934.0694080442
1191564.199934324,1269996.4730293676
1226441.4792170248,1336825.5985701345
1571848.2312462528,1733923.574113749
1203089.9890176975,1242272.6365758078
1483041.335012141,1546506.834619043
1405933.0186992486,1412721.6481625065
964924.493260556,841316.1392355189
1517922.2715771273,1403709.7306853435
968411.6243946048,840532.6589420643
881446.1155446059,969325.892563256
1347234.0930270965,1364934.3964074943
1170959.5262846122,1092314.4809566494
1843720.6478657,1723587.5030090911
1632942.3157420263,1490931.8030721028
1493623.4158691058,1429425.4650943037
2045693.8197491344,2032123.1861499622
1465120.4700062692,1554883.435720032
999826.6092888176,1113339.3042068193
1249914.394842537,1229312.5956086745
987434.7498393512,1024559.4201438958
1194709.6278581591,1152987.5246601617
1131618.9133648446,1012535.4635028327
1311389.5758279422,1373507.5174743105
1079951.1554316457,1055055.0796604785
1148749.9333118591,1181202.9349958515
1662585.9381789912,1531586.418262029
1662939.0973972816,1684253.7207712866
1245967.7994219903,1212312.3633826273
1394423.555643988,1472219.478188395
1377113.0261359508,1294187.5932765976
1146886.0930541083,1154215.8185636401
1624842.1237797844,1642964.392969855
606863.1414738953,595537.9674531124
1993453.673154315,1894925.7924720533
1473540.759938544,1457810.8485357855
1437755.771785729,1337500.1986247078
1434015.0326303542,1363559.1960867941
866666.0553738795,964048.6943144086
1698219.757464694,1674301.825831771
1529452.0617767374,1403522.4317349475
2007556.2860539176,2018264.7383147758
1247557.6951939955,1187432.7320089266
1485145.6605448688,1451473.3787717554
1208875.0835810225,1177695.6048921235
889385.9015842597,843011.7300702613
1558572.2432714645,1500650.6294462774
1637335.3027885682,1525715.476504542
671661.7134409613,559672.054138673
1327961.0982193248,1260766.668745746
1737981.5298355946,1753556.950023463
1372969.3107494302,1499983.3431506567
1029273.2785955656,1062296.3737813719
1720670.8768427868,1709901.6870400654
1226067.3141602448,1115548.9695974821
1214104.9338822474,1249936.4568831422
940162.7244777936,851480.1750162002
676377.6614159645,711696.6172182262
1086181.7530789468,1073352.621276177
1658571.8640212913,1666713.9131032908
1135030.6828346122,1065584.241374536
1062666.3663835817,1076322.0080794818
1251430.920318619,1039668.2250373522
960808.291081754,1053500.4199703159
1704126.8763504997,1570298.0931362668
1465835.8431777956,1309942.2751665325
1013443.43789406,863420.9010737874
1101826.3145402991,987163.9049895569
1462875.9838223844,1393752.9781760224
1621035.9027174718,1770358.46078338
1168444.88222469,1283317.6204448286
1454126.550991805,1512472.7659699917
1383031.332366437,1262100.792747384
1371527.327011824,1320871.172257707
1545672.11658555,1500572.3662395985
984421.2252794616,1117592.1791635496
762144.9261238109,773256.4119654694
1011140.7992689414,1189620.8225459084
906011.3853235616,1126647.8250113763
1485677.0638068074,1536704.3607861511
2152959.4089430883,2190423.2201932976
1086716.795708651,1177212.821778887
1538985.1890983768,1485272.4087891574
1375497.9729216115,1410575.7663977798
1501622.125499602,1463840.4204854304
1335883.8311844517,1552348.6143604922
2105205.855863914,2007920.0880770888
1294615.007746152,1312092.501405214
1560615.5007379,1585151.486068827
768301.8020259616,633289.8909051577
1884674.2407271257,2020053.0611194242
1107286.972727985,1059376.3426904688
1516419.7207188455,1547823.1020914898
820611.4708595406,878858.2575841951
1882806.934395191,1827050.8960954193
1057125.8390858762,1174578.0721574337
778836.9229045416,845423.9166174242
1714055.836800116,1676993.5082350336
1210573.8552657485,1275311.976297067
1549031.093041703,1528817.695475462
988175.0073923124,1003468.4573992798
1410331.8251379866,1528820.3203086583
658644.6170003233,519030.1950403233
1581817.4067967194,1506732.1384960525
1246410.340577982,1241821.0574034806
1394900.984583555,1409798.932294623
1621742.7482687838,1662621.587594402
1280588.3418971745,1296146.808209302
1517141.622824528,1475931.1809505
1604954.7234397994,1584668.62572138
1223777.4976237444,1082019.6268850062
1083187.4267179,1242599.748047994
911202.1683461092,934331.984039756
1466411.7902126438,1458084.2361451415
1222412.019854086,1330119.521990613
1404622.0861056014,1367403.8312207665
910099.6440482036,1072536.0656514568
1188196.881911283,1099431.844918829
1305210.264959531,1254655.191329639
1400961.2787884492,1521002.4697785955
1048639.7894974465,1090987.0434137178
1231157.2551474404,1363711.797063605
1391232.526512257,1493913.6932341703
1301486.6855460985,1363915.8180473475
1019880.6530541872,995080.3548561851
945057.3183830888,938409.7844711938
1495384.003668785,1512452.5064498885
1053236.599854908,1126706.6410119026
1260484.4621029706,1162791.5864018174
1442674.1845522542,1421033.636860568
1535262.440790424,1539879.9287534296
1393897.3902198137,1425811.5697087524
973299.8617887148,1008374.9630555948
1172730.155769318,1261976.9171431167
1027191.0290126376,975832.7382911136
1534295.195012713,1459980.3831837247
1399812.6127342363,1440848.9137054314
1696339.544124581,1541797.294867904
1801916.3455730728,1875379.1209824234
1127873.5774725412,1053408.308720191
1091479.5601322306,1146105.68315204
1036277.0624632968,1059065.2504338678
603374.0391445679,699970.4765192373
1002840.2285939913,939426.8538660309
1349989.646728484,1513984.031348911
940138.9613987308,889587.7198499097
1427890.046491724,1428229.0939268768
1189466.7143340828,1142708.2103846585
1367130.348227142,1411799.3229196253
1172413.196960207,1121971.5197790847
1610006.604587974,1653254.4726391267
940229.2343302772,898450.9331875094
1311145.9682970897,1309047.1452049445
1134142.915960404,1013924.2169189719
1200060.6620374117,1122767.9899417805
1352917.1768613977,1493009.3790189605
1167626.7358808988,1370300.8334339382
639471.7361335896,670376.5092920242
1642051.8317058694,1550233.7011061716
1445030.984450201,1593349.3015421303
1311681.4196841924,1433455.9875422139
953939.3299056444,739414.9908663454
1244248.524945985,1232606.6319643557
1097918.41234679,1112788.0758064426
1060966.7414057308,972654.1773517947
1542488.6947641938,1612950.5362963341
873588.1296870057,893502.2086993521
1540762.268628121,1342973.1634988226
1419345.6073025845,1376224.4857850731
1160146.171270086,1399137.4422856495
1244789.0220019894,1217550.2256974871
774009.5475941251,856855.1092412621
1168574.665599605,1132086.6046824837
1268964.7954015422,1370494.5438948926
1075550.2154757688,1082913.0883826092
1197073.4448150082,1037315.0521921609
1860681.9470210185,1735248.778830898
2298379.48670761,2140250.6030426007
1412449.478586824,1363610.655653418
1112223.0080549058,1011180.9211533689
1078534.5530803995,1052694.0012450838
1665515.2461223246,1524086.4302524687
792174.1738214786,866355.2800141163
1370909.9519343053,1371189.791747169
831762.7909033981,749697.2131486977
1462989.4908213743,1367377.2585275169
782800.4947029103,637200.6654388402
1261681.960817626,1302521.051619717
1543357.4535105105,1505020.7611144562
1287784.3040333614,1311039.9465124654
1582605.5351026566,1630678.4095208794
1102062.0975742438,1231356.6905030012
1130108.0228452345,1094410.9197597057
1548962.888217382,1530581.0893545188
1123386.5312002872,1248160.0106177833
1091928.6155307412,1166687.6641141446
854945.506711949,1083027.0701999757
1342997.6449288395,1243072.4449684112
1267986.687523998,911034.6368623292
1540737.1933239426,1592461.4145191293
821859.065727853,736461.725848956
1425632.5419741997,1450011.1877288925
1383766.0819453795,1312923.5434633736
1366668.1852883534,1367798.636353361
1000216.8576741072,952213.6317646788
2138713.943340635,2147169.1322212946
1191340.825875469,1287603.0002726284
1455556.4656425468,1584854.914900235
1014450.6537930904,994859.8417426953
1351541.4185628768,1284390.663750262
1782803.8692421229,1688657.4608793398
1213530.8498658694,1129593.831090175
1271396.518005975,1283414.7236795602
830286.706578531,937131.835818951
1300265.2104154662,1335649.5228215237
1109559.8516026712,1139050.3012531577
832536.8853673466,705836.4236547127
1260241.3960622712,1253575.3176405681
1720258.777124667,1734591.8495406704
576356.0318820125,490413.4410285214
1463003.0558812623,1416522.3737779325
1112286.046385043,928084.7095830385
1325149.919832771,1326309.2133083423
1115394.393195597,1134834.6837274167
1309922.8541763353,1370209.530219086
1073347.545209808,1035870.9810436862
1520956.99733294,1370930.1884700563
1840236.005802689,1596879.9172216933
1134273.424521429,1203450.932835551
852099.4640268538,913834.8846097104
1274053.63988823,1324019.6017241706
1340074.6529811826,1312877.3255580738
1007856.266240042,1207831.0615612846
1342245.9687061738,1487709.1516361316
959625.5301771796,934548.5050297016
859427.979306825,1070317.192270521
1541127.3435162455,1527974.413153343
1546469.7826846072,1437242.1834479952
1626125.1656497952,1650509.2203488154
469262.8155752149,681564.1313411305
1084763.029661108,1257112.3662956008
1496729.5357664232,1359786.0387443397
1360920.5303860817,1259927.4138597287
1120419.041886019,1095706.4993784185
953840.6976020308,1045364.2906277096
302355.83597895555,100753.31442613807
923444.1447612592,995488.0015596263
1074646.8653873352,1407496.3811080717
1132522.9012947134,1183172.2948202975
995721.6273979772,930771.6127106398
1294069.5325034796,1367834.6858251393
1288426.6939028532,1341176.3899200885
1707494.9217939766,1470236.2427071403
834268.3429210644,949342.8684466397
1561313.8376386245,1483598.2126240302
724993.8892416583,704535.9231992364
1727453.1546019888,1754717.8032363225
1626321.3209583594,1758607.8325933572
1378863.6883772104,1485933.2700195382
1369186.0702979171,1365069.4479662902
1316206.246554098,1376720.0365993888
820250.3894658082,798950.147225061
1187454.6724878063,1057490.0599596407
1276448.792042974,1281648.1914225668
1492612.189361544,1399607.5471686763
1496776.8301323482,1609387.6109944163
1784057.8431598432,1684553.6188388858
1294647.589167185,1432032.319527904
1488535.1595646788,1478191.3790393607
1642011.344611863,1630321.99741425
1008649.9293008102,1055411.5381578025
201898.08657249613,385236.17819690565
1243838.6342287173,1232830.9025634625
1766248.403252482,1646260.151103069
1194594.988366492,1128539.514491382
1495375.423345531,1299355.288261782
1090996.1430147758,1267131.3414378501
1305219.5213491025,1267121.381290082
736798.5333089959,655592.4177019885
1468752.6574269752,1353506.1278170482
1275497.1606266203,1048086.344862842
1226041.7830216552,1268833.0117837945
1643338.9927174544,1577655.1338675218
1820189.5328040929,1736155.8074888
1292287.0948426991,1243110.5547475093
1025417.8875194944,1134171.533170004
1829101.5494831984,1782580.2059164466
1204598.0374631258,1354402.4015747486
1279464.6466970122,1245373.8412558166
1383508.061615121,1311699.853851534
1019425.9367578316,1139813.4084898508
623721.6129854085,587729.9788781041
1020842.5313524116,1108808.695403737
891200.8622760209,889571.4905874436
943404.2390412588,1093535.297083627
1152046.592394497,1089057.6177700115
1451078.0931341348,1179579.1024089642
1130537.9927497513,1074799.415876789
1294967.4107378754,1252456.2027101046
1176420.5593819122,1227164.6746999267
960904.9953518584,997716.6300456338
1111655.9058386355,1127135.4613249078
717273.185257682,857271.6124841962
858088.7187869565,948192.561155749
1035171.059640798,1104399.4635505462
705343.2560893283,769807.2069460712
945833.1891229402,971540.7413964616
802846.1222953709,896193.9609199446
1539129.363811181,1441875.3373924857
1580951.578568522,1511495.4920323598
1190442.1227402529,1173611.7031881078
1278618.6203141354,1232436.8767952882
1850513.52744405,1623665.9631208498
1057838.4934225385,1172948.320495034
1261715.4616659957,1243089.6801772453
1043548.6091084076,1192614.87053191
1204753.0020550108,1412327.8906172896
1556256.437468461,1540735.4686181485
1721261.81159612,1493114.7969469056
764635.9979283088,789125.8831077758
1544379.7477356796,1805671.1761759883
1253370.1489213388,1188866.2207421008
631656.4745826736,685983.3303283136
993725.2171881604,1052856.3535558414
1217267.934024366,1220335.5613925648
1545154.8126419624,1473476.7471760255
1114779.246640951,1056612.734898616
1234037.2359336603,1321441.8955330784
579585.6980204432,660516.0377212102
31140.517620186045,106761.33738206467
1613325.654571316,1669831.901544067
1398353.590664104,1204411.8243785845
1277380.5286085252,1160820.0732205613
1668670.6558120956,1734028.2102234475
575694.1732158384,701253.8172654109
1291506.385764535,1347815.2362601017
1638265.394523659,1623863.444765226
1457767.5326477357,1593462.6487002177
509499.588996669,580243.1067864895
1642478.735656444,1744877.8331524385
1114901.9726230132,1046827.3777894345
1453974.505950872,1473967.0677693016
1444572.9714972137,1557396.801266742
1134055.4030579363,1361927.616220829
1037780.4795439028,1197399.5931564327
1496466.3571105185,1540254.497035643
1161232.657462014,1164942.621683226
1126450.4261744465,1114612.1208221605
1047689.2657463626,1033093.6224071681
1823498.406876208,1923982.0497252485
1126042.4049714075,1266482.1476778975
753930.5825393641,920058.7378404019
1813996.9333129849,1726258.658262413
1113936.637831619,1132910.1796025112
1546408.558413639,1622418.2049683696
1708102.1023987215,1646308.3769296482
769851.8034373517,779559.5744909379
780608.9935174572,867305.2852313626
592223.2631006419,799410.3297058195
717661.5560232053,990612.9237430585
1313304.5877362725,1223406.8068513512
1113373.5200017327,1109669.8885015915
1670908.6619607303,1604749.4186227098
1727211.0894733826,1768949.25260151
1707269.5277034238,1538392.40682041
1167449.9898697317,1120439.8427894344
724121.6733840894,721258.4396585701
1561234.133168856,1515455.7797478558
995813.2160648316,978698.298488677
873509.1895266719,1008400.998116028
1360502.2488120492,1311888.7509664479
1742350.9621689606,1684857.4443114689
1233220.009477811,1335455.0110584241
895600.423741341,873008.7286014361
1327811.34262042,1322604.714453875
890138.2114471466,1036691.7010198571
1368134.9976821383,1198464.2290046965
798892.5150396761,886995.8668778418
996771.2481507692,988616.5248281732
1967384.7778210605,1898931.8037882214
1272337.503505837,1381686.2256857748
1093253.4909345591,1209801.8036321145
1718625.9452745786,1782035.4574052542
1647278.684983665,1580953.1951090517
1165253.0327180624,1238892.51222101
779962.1010215052,763777.1089432221
1353854.4775205588,1046715.8061567876
1183343.566493446,1129494.2054471713
1394132.2413865472,1504050.7157006776
1150438.9494932448,1069259.9854414323
737147.0943241782,631767.7284801151
815190.6525811657,839080.6769196489
826194.6781509514,907795.3020420829
1169653.821377547,1339089.178446225
800110.1189013292,713857.2043346395
1967637.286822351,1999742.1551095294
1537329.5695361544,1552705.1815246055
932616.0682040264,1006274.9808708727
868694.0736998019,918751.1981971655
943668.4823796288,838127.8451049328
1040762.831883902,991977.6186104799
961539.0599236458,1096095.8856902947
1457022.6303982614,1461236.815683626
1233882.5553029585,1322481.5653873943
1450786.775373464,1558136.729646191
1048350.6918200088,1009383.7207557466
854045.0137671691,872347.2066532131
809057.4586058989,723880.090839929
774118.1878354995,881032.2409030055
253185.70150858173,482435.1733780834
1593331.7087101643,1681789.8658263432
798254.224544436,955017.6924029663
1334952.605118672,1386673.6845116895
1090788.9812340653,1078797.124568061
1220001.3342399488,1162180.3555613318
893919.0388163759,1105702.5607669153
1676070.94296519,1737433.5990314567
1475700.7096609343,1558524.0705569014
1820595.367235552,1786242.7737906324
1021122.0523475125,1227475.3763135467
1088548.8265538793,1043313.3874718267
1188416.8057158843,1285297.8504746263
1765352.365907112,1530600.1679460104
1460341.0111764427,1475406.8168294923
576387.1752221297,728260.8328758087
839426.1221799824,809974.4436822021
1009142.3379740332,1067877.5212069368
1441882.5217055138,1594504.5765913064
1597655.2584122843,1423365.9158240492
866689.0911811923,835778.9078618074
1296223.7064925262,1227743.5825121622
1530172.524842183,1570250.7541491603
1212939.953517593,1179871.9217712507
1082588.7273654498,1210447.429528446
1637649.904770942,1775104.9237043643
1617405.4247335158,1569637.4904034967
1826821.6156373736,1838955.3938710326
1381442.7584597112,1453678.2673751647
1335904.5009155408,1325698.3338336223
1301089.7115082329,1310764.0939741256
942663.9415375702,951878.6009667953
1669127.0781264869,1599889.845180071
927677.4223195151,943805.6012870735
1307136.3345809835,1307203.6572357006
730739.4189500834,730068.9940551952
987746.9239531008,1090078.762760125
1661435.4795672083,1789097.2412361251
1675062.8906871276,1615230.080541253
1496177.415750746,1351372.8167558862
1626659.9596528397,1528164.5128086018
822934.8312947354,639906.7327456856
1652845.980628764,1574536.4710203428
1371640.9317114232,1410441.2706434499
1748474.694094093,1766924.0562725682
743393.3473414255,818124.6558931377
984010.7052899196,886017.5014033415
900851.1631095211,929652.3992216261
1279279.7998179044,1191903.0763586625
1171989.7178084098,1228769.4064369947
1471031.4205758185,1443470.4265069487
1922281.305339749,1764729.1369289467
1813555.3299392925,1818799.7244240344
1298980.8289499965,1309924.9436096847
1587122.3687081682,1591890.570952001
1045348.229953654,1162069.493084482
1109260.8543058815,1074230.856223289
959102.080987074,1048390.0423363578
412057.44010888686,391390.03047812916
529282.0843920948,491182.4937976785
1198313.5980997651,1325499.109590232
1274474.5458934947,1162930.0895997733
398909.5098600632,466359.04818369076
1795630.9127150138,1661181.9788849913
1085113.4510746023,1055501.94728967
897223.4346811123,1105442.1062222943
1591188.3484872938,1437953.025432813
1297849.7636572844,1345889.0646976512
1236874.809187995,1398034.0687014493
816772.3750999514,853744.9771406138
1172385.8977045629,1158475.8562182854
1433260.2277418757,1471188.9672016073
1947338.4401352475,1865085.8856890937
1277744.7389113496,1172165.0067068315
1432252.081073976,1411355.5422932804
1314635.6896984542,1240910.8505916684
1570583.3403398057,1776910.7981154826
977980.9211108278,1149488.1533714863
1156329.2740497622,982565.9234792031
1492965.7334657512,1534001.4989045141
875904.5285939977,967096.5387590253
1431386.814465111,1509615.8135462091
1028636.4228705128,1099245.1776005412
1414294.897975369,1329155.8324499335
1880127.0624823808,1823273.580743473
1494101.444719538,1443311.2914126138
1031146.7545545298,1069716.5050930232
863386.1737937309,773661.310973146
1081150.1254838074,1165640.8326954637
1181995.430504778,1346037.7233523033
1247581.2116132637,1379988.2309650914
1442945.1449720778,1536269.742800044
1168993.737583562,1328560.5520950193
1210161.0704941228,1076516.5641681142
974805.9937128816,767119.4567457382
1289082.3630250026,1126545.8842537766
1352096.0506802993,1388613.5325899194
909781.4667682184,935673.2337891189
1143672.8254142758,1072648.9686359805
1255202.109838792,1151808.5040001655
978103.619246416,975674.8755432172
1463442.908287028,1332610.8677355736
1074456.402490409,1124349.9533282253
748322.708245135,857153.3061390272
1437983.8247179326,1541722.475525143
864899.4849738175,833047.8815752426
1294278.1178850965,1322058.3223461555
566848.7320986082,599273.8024098924
1480888.8042321615,1442921.2941170651
1802294.2888986613,1805508.9860180337
1277112.116945467,1192081.3121704208
1086735.9127637602,1158896.089593863
988746.4205867316,909305.60183712
1385749.141348653,1476246.3004421676
1474296.415816263,1474144.9926565806
1573998.9022596634,1604738.3466554536
1172514.722473985,1078281.3321830188
1296121.431916046,1239958.3651762884
1357710.964922556,1357644.7629110669
1148066.813058398,1150766.7829069947
1031385.4548974172,965760.7596101966
1104109.0350293606,1195259.5498681748
759360.6547692231,682544.4762961078
2002028.631998704,1894262.5907231802
1375736.9565806843,1322957.711835986
789632.6932079874,785244.4716836349
698457.6776499674,899605.4760346762
1038330.0389589404,898950.9728456587
1334377.3074135566,1378359.128215306
978766.9138660992,814417.2191714835
1329007.2034481545,1369715.5170926433
971174.9867792164,1064634.3962917286
846055.7174491595,914340.2684512604
1692308.589766106,1599382.2933024094
2173808.627715738,2004841.0018602218
756319.7340442679,839142.3647106206
1641873.966286834,1547906.6131826732
734562.104533648,790014.0082725873
1935831.0390568047,1888424.8405584674
1132146.3204353235,1109588.8719493486
2102244.496777067,2086813.1188115329
1276987.4919659288,1214202.7746184021
1136347.792319244,1114064.2507438478
578593.5339451779,678780.2090919656
1143203.0678656865,1061583.987748514
1063399.2747829244,992392.5814828975
1247289.4901993414,1265775.752566224
1467849.817834562,1474151.127843257
1486401.3205096938,1516524.0620180657
1238406.1897839587,1140882.0435571964
956241.9912803004,961284.3354943437
1046191.1649369912,1147458.8982693646
1117432.9800574498,1170132.7526311465
1427832.120659103,1386861.5862538354
1379671.0747829855,1474047.1999505945
1410010.9940005562,1495176.7887791381
944491.0395552134,1019273.6849197624
849566.0855445924,790506.6954509043
1005089.893975332,891207.4916749988
1339636.1870255398,1294643.5633354853
1123765.3462531995,1068733.8212257843
2187326.442764148,2219968.0553045636
1170892.9796549894,1094121.800803327
1159699.9657200286,1199900.528089676
1799455.4060927469,1819313.9345418941
1510996.4352668852,1536127.5145255742
1793398.718379665,1576930.0439995658
813726.113831596,728862.8364778529
916344.293835102,970971.9867114043
1212276.3574996628,1276979.2027920014
837668.1026021099,1056213.2665755418
1028966.367929272,1081115.0021827556
1194113.6937494338,1275025.1032336606
995137.2023937796,1058004.7346410966
1629049.623519236,1671009.2143829884
1314245.8199973232,1411767.360004709
1069827.806639154,1165549.7211605203
764799.8830136815,735360.2581954226
1260814.4318730172,1185656.6257212916
987026.3707410204,1099434.3898552079
856207.6028363751,899374.30133129
1086186.4278047497,1215750.7117572646
1609092.3179234052,1539443.029967438
1539958.930981711,1480807.5585483569
1877402.3197269463,1824438.8552575652
1142127.8842701877,1099445.3512634463
1798521.604522182,1731684.6111687515
1293383.8900123087,1282644.6374575612
697840.5674771494,770353.4085466294
1850525.5729962275,1777066.023146079
949072.2495954648,1075293.06118567
1574279.8139775426,1627900.213779511
1642844.648635587,1544742.6645675688
1184893.5601850909,1215299.9561549788
1723424.6715387627,1625493.4079663502
1805502.3400291663,1566381.3626849893
1278204.781562914,1300866.782607133
1412274.4860076832,1288289.57687739
1383938.3667970055,1189236.3907920877
1413579.8167508717,1553439.4992971495
1373022.2444161566,1386830.338765171
1392083.817875569,1573253.816856673
1200125.4471192514,1148896.0603378862
1002023.3582174428,992690.1641669129
704375.8684056341,759590.8927076254
1254938.142307008,1168634.1331719682
1434323.8251566691,1450307.7503398
534077.4554759212,645124.058327056
1427202.2785615397,1367959.449282438
1723729.6551644218,1727729.864574696
1039380.7224796106,833538.5006684852
1648246.7742056048,1578675.261465161
824540.8963674724,887830.4466615976
928210.761532312,850489.3307108842
1564563.5680690026,1730949.7966986606
949879.9338885004,1040456.6849720045
1376492.9247222256,1502962.6405445244
734827.50801229,669908.6178426901
1469561.6746953996,1392077.4611064936
1189069.1046909408,1209172.3248500656
1182335.6796501088,1196385.6249711304
1228517.2072076176,1272021.2483076937
1358983.4704786798,1311750.7056647232
1431517.3576797748,1409462.0772791468
1118165.8661723498,1104110.6963998657
1393482.8496279658,1391375.9038202488
1271340.3814239912,1144700.7607751852
908616.4826240856,755810.1577440281
1340094.9662054193,1245474.6173941125
1903660.9191608536,1713070.085824076
1302664.417257956,1412359.6622786787
949892.5313701816,927893.3532364201
978824.6016155628,956906.1218330162
1034539.8306178992,1004695.4848299045
1031981.2829229428,1013287.3431263771
964596.749839928,799366.3965596328
745586.5735088169,949804.1904433845
735952.1688894632,764463.4668579022
1742938.7760231788,1822743.5782928849
1232014.5271086118,1226525.8503937498
1479603.7556980178,1454553.2456221292
927181.0663926834,932065.5460824403
1152798.578967208,1119928.8915784406
1697501.6046052328,1751760.5824885042
647982.6536393018,841008.105988658
664298.9713057821,709705.6005537305
1048969.4932738757,1086455.0735087437
1062105.3081273877,1009715.9541904628
1585348.0954852228,1391216.444728803
1000892.046404376,1052313.467980635
962028.7007646448,1047508.3393808734
939490.9138489172,991494.3061590558
1111085.0168910609,935150.5499302577
1325860.533421939,1176021.5644591958
1643291.7224787388,1718401.1248442447
968045.4778354148,1036964.9669334027
1429529.6303333663,1426119.3293112144
988123.7553400168,1124581.0295653841
1035125.8566511944,1182199.649364408
1064854.308940125,1062195.5383790936
1125692.507295288,1240359.3027060456
1219154.4031595571,1290315.6829336267
1197975.0854702406,1029790.7699731728
1457672.90568856,1490625.5867886618
1146480.2135349663,1307933.1215007524
1090888.9630292277,1050675.431637886
1448081.251171976,1337360.398327046
752950.606800692,786479.2458790238
1628878.093809486,1608294.4418832632
1125677.6043161764,1314364.2155707036
1209445.2203735302,1132419.6440804391
1400268.1424739305,1395460.6291217795
716771.0057488753,897559.1959671336
1530729.5784536256,1454382.6756888153
1325819.9131084683,1261138.9538623597
1310207.133039433,1151622.452967748
1345296.5544381766,1466347.6972718015
1710966.0356305088,1737092.8152846387
744132.7041655211,677292.701616792
1069851.1616023437,1026094.2745486195
718650.643819188,669301.3434280553
1246440.855634546,1298825.1590209724
1838092.102498864,1680603.6055303048
1543801.654559296,1643327.5446975548
1556987.7244597748,1583785.9857162833
1617072.27721383,1664378.7778780274
1315684.456665318,1293776.4587322278
1261843.8443217382,1091377.038763408
1900789.2370148413,1707216.3526596474
1867050.5361289831,1881588.836967837
919207.0276133117,775504.5470733335
589352.3954068222,764439.3854646632
629657.6132544072,623568.4383378238
1101120.2587428256,1199495.5843093856
1019127.7329514012,1094500.6848522369
1073350.0443075988,1057595.8511955156
1072704.8902154437,1027083.3094006842
1810158.486708856,1770524.4236473916
1039794.7674478192,1018947.6666920874
908013.0020703824,922506.5241702339
1439892.6324951418,1402185.291486892
1582765.592476812,1643793.8318365728
1336743.3833950302,1337696.1599904094
829794.8232933849,999270.5365398666
1659170.5127753727,1741460.7696141033
712228.4243027219,737981.501488619
979282.7630677487,1172221.974112799
1501103.4929884768,1637075.2664866466
921396.9752541516,1009185.5892659533
1108406.7859168318,935201.8918459592
1454749.8065940435,1511967.5434863851
1285923.734211907,1340321.4940654212
1556552.473741118,1543404.559903806
1377275.1787725226,1372520.3118014056
1005392.4185892516,1156238.9650341077
624482.7635866479,713670.4696207903
1303106.7871561598,1305689.603299797
1182980.6042717127,1277003.0376110524
981232.6123712712,1111919.9225580017
717825.3596950844,877365.1427707905
1526013.3295975295,1475500.457504088
1415073.6141811854,1493843.6309637045
1518387.141646837,1469751.2511973716
1435769.7688373898,1438483.1944819223
1243491.5716775164,1298107.4380999422
1365496.8850918792,1208151.145530817
1175781.4175700566,1139867.5896128593
685503.9902718081,745636.5789429387
1076334.1025455322,927316.6688303375
1417047.627110665,1222692.7331810133
1458422.8106991698,1445347.182549296
2049146.62989614,1856133.2064482532
1487855.537964487,1268828.8752659438
1056984.1817528317,1223378.7636735053
933157.3392378044,917906.9185237172
1281308.3316020842,1113883.8158319267
1626893.547224179,1429968.6973039862
779106.0224899127,726632.2371565313
1734239.1383592023,1666219.1735271644
795082.8101752147,849749.0327855577
1914509.5209888024,2088544.127515927
1836419.6406684609,1838095.6191547215
1006885.8444127028,888094.4237449188
1084255.6782722834,778384.2699575084
670734.6739512904,895677.1500259042
1070720.058487742,1270863.2294451608
1280230.6253682314,1260392.1540071084
1214320.5743640617,1156350.0571505465
1166558.3735827007,1362773.5141709666
1745516.1706263402,1766832.243117204
1796009.5040461638,1666758.4064747104
1262494.286828816,1240021.384732169
1162949.6789860271,1233252.9691420496
1363623.0442083713,1324859.2102370393
1587406.3028569715,1761489.219203487
938827.8008369108,978236.354508664
1242316.9909078022,1195596.3494452056
1017722.997568472,872427.8990276409
842924.5537726238,704272.876738715
965074.8047437824,965917.229799048
959416.4366620412,1199060.0769584402
738760.7474313262,671906.2844383013
1070818.731368435,1224740.2203618581
861321.5806924718,741319.5979796983
1503327.000474601,1582741.8792948453
1598159.2269511032,1606450.0723279929
1371521.619588533,1487143.3389885495
1314387.4066411434,1266370.4099478074
1656785.4477005391,1822916.2500214772
1646033.4101836402,1476882.051626402
1480227.5472434366,1585893.9082868164
1658695.141283088,1643464.8379824534
1639099.377623702,1754894.8592732819
879618.3222217519,927078.4538035095
710269.2139681028,754158.2975833486
866328.1313278642,995216.105816788
1042373.5240960824,1061170.06250541
1400104.8707602615,1334282.139360034
1168627.6508344968,1171090.4042816185
1112194.7521798655,1003876.9682492171
931768.0455357102,867423.8592248834
1044017.4316455174,1195260.3536215457
834185.5784090377,853332.3968197866
1174949.860790675,1106234.9485670468
1296240.1123716342,1238176.7181837028
1094879.7734913756,1025478.1723437146
1827899.1856764853,1879326.1132747913
1792254.8180047118,1971645.1575496392
1065150.786753825,1158740.907999007
1467075.1685579268,1482183.4948716294
1366714.3755527297,1246123.8679763097
1269486.3372270886,1248765.3374138186
2007639.4321368616,1857559.1842325572
1326946.7250139455,1188850.0219153818
991398.8218655172,982171.1373806526
1375467.2709967713,1356548.290205469
1940933.472416056,2128370.757447265
1376898.0583895228,1375638.5163287902
1316129.3090572683,1395740.8773952005
1032663.0030779238,1035028.7085935543
1447353.2638071163,1405510.7432163553
1325531.154513243,1378641.9355680738
1053966.4254339284,1276748.5127102435
1401767.9042517585,1327165.224162947
1364738.2962113786,1293635.2951488467
1014093.309964624,1000844.3150442084
1424786.5085126874,1575329.5224575764
760876.0221585269,508030.69790277444
1054856.0326670024,1075465.620358239
1005946.7673244304,967479.7480749814
752168.0688699826,730377.1651302786
749383.0725554076,780188.1536368849
1389047.5577764665,1378917.7145350971
944032.477262609,1082098.9073513136
1324022.0246243223,1249033.2748862598
1343605.8001820482,1403150.5371721098
951781.3078080096,1015833.6299730483
1205568.3665622354,1146352.059545796
1465223.509412894,1340985.721463868
508951.5668799004,549605.3383921627
1690540.681753041,1585840.8504557405
308199.89116387354,429992.2360885367
1032346.8698248024,1152973.0217641653
1011331.1636193402,1054929.2861482543
1645843.0482722488,1562745.1728644073
1599416.0142626918,1775845.1007658644
1160526.0577474134,1100470.4222643329
1436995.2004509894,1334711.5651570805
869026.5819988098,858454.1713257041
1305185.544822347,1259520.5382609782
994107.8898057408,983661.140359473
2004396.3723036903,1808344.7037461363
682632.8048559022,865965.4659675765
1969194.1242238204,1851183.7449667417
1443842.022648748,1373251.0486310087
1159526.154206157,1234082.9910090547
1299924.7977382322,1337597.7532580784
1158742.829939291,1135665.0512654707
1067191.979946472,1023684.7577101346
1243239.0034040422,1130507.8619855894
1409038.9871176342,1548126.9739085478
1166198.115612074,1146655.1402665228
878862.7456844705,884418.481725336
1405495.709974872,1360682.413898469
1296645.374940565,1231886.7410478354
1016871.4149142244,969099.6073743729
1230363.2340835028,1147952.7825617874
1102943.3514449217,970462.5539159775
1458009.2105256943,1355155.5009859907
1236308.2799445027,1040969.3778560809
1451739.624652712,1267904.6313494574
1370274.3873120216,1307981.4477085527
814378.4821120476,809107.0958681088
1550359.5484654682,1485866.778078732
1187090.9480935708,1212594.595159764
1268125.8377629935,1227396.631246752
2249122.541335193,2179276.487642184
1410362.6130922115,1259103.7519718874
1248689.6011870943,1243723.257258209
1518454.0603521024,1579542.1497597583
1500939.8265608612,1459117.1042265035
1789607.526139889,1762007.5871798117
1306367.8106375176,1253482.908086537
1584167.8513026517,1409270.3355117077
524712.7660674525,526396.7105012983
1646565.0536213254,1572039.7728889454
1552536.7639745462,1634838.6356271459
1306288.622680067,1198496.8570378302
823821.7863890536,932546.1875565164
1648201.727904935,1644485.2932864334
1660770.001712214,1631950.275926522
1710924.3665235362,1528828.7454591831
1765988.2635372104,1751166.7169103017
1812765.9573904253,1688934.5374453627
625880.7320537643,834996.9466084037
602209.5750471331,791213.2552334345
739870.7936402658,885833.3749754196
1220987.0020716093,1033775.0834864797
828477.2913121369,773789.1839704737
1460364.2998845282,1507835.3825631924
956764.0140836356,857167.9253649381
1241483.6118732512,1280719.780537838
1688093.2574580356,1653030.4145263918
1057347.1660527764,1003122.5218819724
831168.833673851,778839.1669564643
1110598.7546988558,1148386.6553685898
702321.7523214206,753336.6155510368
1060193.785884608,1059604.1855890788
1565931.1916819147,1582250.0012934618
785460.697666195,886353.9616135056
918533.616385498,984655.9011684041
1675825.7208052117,1665178.5624964302
1359838.9985787438,1209790.5853539575
324981.9929926853,486478.5709746629
1055772.870780992,1207528.0126798144
1244563.274691745,1276612.7189500392
1145351.1612325564,1303991.2266071965
692229.4654976523,911070.3241196768
1670256.590157741,1587563.30177443
1147908.5287110873,951182.6468793787
1245070.33791015,1415700.761580776
1753820.6224521047,1941929.1106476346
1522099.830788929,1543151.7777076494
1281378.1744748696,1286106.789537795
325195.9428324207,428628.5420405171
988014.7560643204,1007360.4965139753
1433006.6454214435,1476013.5336102908
1144937.6138049632,1065753.984964483
1612717.553099336,1548655.8076554104
697656.5924360289,990775.3257157216
1009809.9835965488,921456.4719549366
143027.36445248185,89836.34198836703
828497.0670960692,976140.011695521
1491838.4944434683,1518169.0081970594
1223589.0460243686,1063822.411804658
1900999.54590532,1786648.3515381124
1132983.9551551435,1336404.96864546
817938.7774108642,882454.0786112626
1071537.3763820732,1125684.6149603901
1099788.6980318588,1070301.69318646
1303542.2825080787,1631059.9576348243
1712929.6543371202,1776774.0261009093
1223261.46230481,1120029.7445854843
874969.6968663778,823559.1747657838
1196687.6867665497,1269140.6069085696
1108022.2823716998,1209314.188574621
1696717.1072993656,1906203.5908526424
994897.1126378578,945400.3675052742
759799.8758389656,756644.0323909442
1383842.185059596,1415439.528092499
1555806.041797239,1459424.7461557873
1235593.2765775274,1273449.755744427
1131532.919437162,1095182.0538727026
1258178.804411881,1192829.866648458
1267443.3976117745,1212274.5099725514
1282365.4620236778,1503639.8631996703
674197.8519904646,812837.9914285233
1812960.4083440755,1663602.688329949
1431915.977008168,1502422.7386522233
946556.2636948556,971910.7748337518
1443907.7473837263,1251781.952592617
1236633.0865635795,1289900.5051688412
962081.4199995697,1051147.0317504937
1768705.125279147,1663912.8717966573
1095597.9438335,1213525.261323912
642809.9667434745,805417.0626571407
684257.1110665329,752928.8565978045
1441421.912993609,1426697.6955706016
1153135.2202940069,1249169.2305413433
945252.1918038172,1049658.2899235622
1341870.353786446,1284362.4925226774
1293461.7978863874,1307097.2743149018
1244916.547543288,1316588.163924491
1877073.574771984,1837752.8702835236
862407.8170122284,823238.2386024003
1182887.997321352,1229001.0148718045
1883469.2435416763,1763965.021932302
1264972.4420392748,1123426.8590061786
992773.7915703076,1069160.4898022097
670063.0223057014,811630.0696385964
491907.7943712191,628261.3008319624
1577849.5238022262,1609881.1735344734
676970.6909099207,501224.1072556386
1034366.7777318212,1066307.3815438468
1541746.2905590518,1461652.6508938828
1638661.4319523938,1635437.8483241946
1770616.9299354246,1688122.7786507402
990893.1600715704,953289.4347698055
1025705.1343197428,1185837.6605902975
762208.9847574959,886269.6141712926
1535844.8961570102,1575799.1343045104
1330929.4721535884,1398068.5850886367
1813857.826361287,1737999.481491235
1310764.111882944,1265741.6945722592
630943.4893385402,850276.973358382
1325706.9008561426,1232402.4252796103
994897.7277644676,1007471.4141537482
1081497.277414754,1075581.965251829
972670.8133224328,1099964.844462412
671671.7144903882,922499.5384302018
1519415.3527275834,1379994.6407624804
1529830.3684547062,1519116.296295473
1070868.0665304598,989160.1914740307
927978.9092449584,1014730.7801229581
1644242.0241495387,1639720.5628074482
1363086.9045325571,1418492.38121056
1550702.478402551,1611802.7851405023
1429383.3521743226,1519150.7690156763
975913.105149714,1026721.4959023572
1155077.1310055435,1037940.4539868664
1178553.6161792604,1248128.0663871332
1469237.20519252,1513637.9226350486
1237902.8200737466,1123617.4233922474
913587.0974474044,1007223.1269590682
299863.0401311839,386094.0390143837
1082486.679285127,1066768.6601640778
578161.4955401686,724344.9751708782
1778013.334007159,1732791.451793964
1566740.127921427,1478257.44528392
1235681.7929598093,1136870.3658166626
1869313.1069877336,1740418.2709301608
701865.7729563166,577147.0903535439
1198572.866300251,1258329.5288895052
1598736.4001647802,1439904.6477431664
880132.8440062631,912215.5932997772
1100632.3911398223,1147514.851622234
832559.7975509297,945800.7036356358
1660975.1714736663,1706895.826339716
1147442.9517715028,1329800.860443883
1615346.750005374,1644611.0898180716
1989672.5239908115,2021017.208951516
1358899.686177901,1212358.5003035977
935488.606494803,1038255.3596752686
1308465.2400430096,1131340.7906369623
1012269.8201046892,1004042.7645182093
1736442.4799782694,1691180.1748455493
1261239.2721713646,1278441.6906355433
1200961.8209226294,1119699.6926713781
962747.1638994686,927234.7411079067
969678.5672887964,1020665.7071625507
1956438.6514352525,1751081.7571706958
554253.0540102996,760408.9661752521
1023965.4034107302,1014736.2115017003
1159596.518619623,1127199.9954706063
627650.4025709751,624591.9431574233
2020158.3629418,1970113.3271518769
1199144.7879332034,1153734.8473532572
1011909.6944313496,1009652.8318234254
739027.6758369291,831145.6265963772
774674.0566597179,654549.5393543625
1519928.4853517166,1411226.0158266257
1226586.921412926,1221155.2219591765
476971.4559427722,717703.7950440845
1618127.606868063,1583871.3688945128
1705546.4122133,1901395.992415145
1123851.141411446,1054624.7194335377
1657667.3321639488,1501393.9492654405
631712.7237814899,669131.4185569277
1184799.2714969371,1023039.1041943547
1546957.2264619076,1480706.408303678
944186.159068424,1006303.3655823539
1169944.2477587468,1228924.9111991357
1168845.8151736828,1297421.1770654675
1675557.2712307854,1807010.9035701053
2100698.0711571057,2041596.059539725
846841.4564238227,948073.8134989841
1381085.72928298,1407174.1791925924
678721.8842424268,615776.8800702533
1412626.5187417814,1350482.8374394607
1596342.908747797,1561306.1183714028
1151406.784332849,1024262.2856737273
1024787.9415573477,1208089.504562633
590199.1722354505,629039.8817161345
1741105.6409449903,1724141.8184743356
2198564.5726747084,2042640.4901659675
1138036.5950419137,1212089.0477394233
1034779.1897331612,1078828.1718992186
921238.3583329738,886789.6685673418
1032180.378259136,984322.3923380012
1064509.5226208074,1111293.3247996857
1816217.0069766769,1712945.6679738434
1616937.0186876818,1822122.3646390708
1127174.7125458175,1029420.2967698295
1033864.6352881984,1024867.4203501064
1257101.592892312,1357367.302370611
1108912.5146293468,1272468.6610511215
1165240.1780106246,1275735.8070761687
743999.8191601974,999470.6610530447
1836978.483060492,1821569.060000741
1234531.6005033446,1152008.9293982899
1422890.0208853702,1455227.8889902104
1636996.0736033912,1465270.7594290078
1424994.375415845,1413075.3871888546
851633.9109410639,741328.0411993186
1224778.6227969725,1223578.1367773456
1490539.0581097947,1595412.839050048
1371670.3893379816,1452456.017413883
855423.9840217031,917561.0924808937
966620.5141106972,1142522.914745469
1537864.8820073928,1420610.544218712
426906.18286889006,572993.7374760406
809089.6719454966,830868.7349473159
1169265.146218866,1108636.3105521086
980983.2109523584,1135229.3934220993
549167.9398554484,704157.3423844231
823864.3877373383,851019.577429201
1467959.5287906835,1566476.8382927515
822431.7302651771,965730.9731824975
1550931.0678444891,1424922.8796109213
1293746.8758661628,1264324.169642977
758262.6121106534,749553.5651986185
1479063.2137821943,1391588.3739775405
1759180.0436353062,1732555.3411565758
1864670.0740690704,1803791.8134820685
1569121.9165039782,1525026.4819261404
1610217.177003238,1585833.4563164627
1637841.26200846,1728871.8426953368
1381272.8805665972,1279088.1909854165
1948654.9355364973,1862421.9536486305
717213.2687989543,707867.6196195986
1880178.647341969,1871937.17339495
1300303.4071226972,1165939.9096202236
1641473.6623413602,1721379.3400147445
1447671.6746821608,1448286.503019968
1489520.0186356774,1515042.6920163021
777733.6134218425,746011.7890720177
151527.0826265551,372191.4062690451
1343824.2151443197,1365217.1514089913
1906024.636485015,1914519.541788985
